<?xml version="1.0" encoding="UTF-8"?>  
<!DOCTYPE generatorConfiguration PUBLIC "-//mybatis.org//DTD MyBatis Generator Configuration 1.0//EN" "http://mybatis.org/dtd/mybatis-generator-config_1_0.dtd">  
<generatorConfiguration>  
    <!-- 数据库驱动包位置 -->  
    <!--<classPathEntry location="D:\generator\mysql-connector-java-5.1.34.jar" />-->   
    <classPathEntry location="C:\software\generator\ojdbc14.jar" /> 
    <context id="DB2Tables" targetRuntime="MyBatis3">  
        <commentGenerator>  
            <property name="suppressAllComments" value="true" />  
        </commentGenerator>  
        <!-- 数据库链接URL、用户名、密码 -->  
        <!--<jdbcConnection driverClass="com.mysql.jdbc.Driver" connectionURL="jdbc:mysql://localhost:3306/my_db?characterEncoding=utf8" userId="root" password="admin">-->   
        <jdbcConnection driverClass="oracle.jdbc.driver.OracleDriver" connectionURL="jdbc:oracle:thin:@localhost:1521:orcl" userId="lottery" password="lottery">  
        </jdbcConnection>  
        <javaTypeResolver>  
            <property name="forceBigDecimals" value="false" />  
        </javaTypeResolver>  
        <!-- 生成模型的包名和位置 -->  
        <javaModelGenerator targetPackage="com.yc.lottery.bean" targetProject="C:\software\generator\src">  
            <property name="enableSubPackages" value="true" />  
            <property name="trimStrings" value="true" />  
        </javaModelGenerator>  
        <!-- 生成的映射文件包名和位置 -->  
        <sqlMapGenerator targetPackage="com.yc.lottery.mapper" targetProject="C:\software\generator\src">  
            <property name="enableSubPackages" value="true" />  
        </sqlMapGenerator>  
        <!-- 生成DAO的包名和位置 -->  
        <javaClientGenerator type="XMLMAPPER" targetPackage="com.yc.lottery.mapper" targetProject="C:\software\generator\src">  
            <property name="enableSubPackages" value="true" />  
        </javaClientGenerator>  
        <!-- 要生成那些表(更改tableName和domainObjectName就可以) -->  
        <table tableName="T_SSQ_HISTORY_DATA_BULE" domainObjectName="SsqBlueBean" enableCountByExample="false" enableUpdateByExample="false" 
		enableDeleteByExample="false" enableSelectByExample="false" selectByExampleQueryId="false" />
    </context>  
</generatorConfiguration>  